ID,regression_label
1a2c,6.3
1a42,9.89
1a46,5.7
1a4w,5.92
1a69,5.3
1a9u,7.32
1ad8,6.6
1ag9,9.0
1aht,6.21
1aj6,5.92
1akq,9.1
1akr,9.09
1akt,8.49
1aku,6.13
1akw,8.59
1ao0,4.96
1aq7,6.05
1au0,7.66
1au2,7.89
1auj,8.25
1avn,3.9
1awf,6.01
1axr,3.27
1ayu,9.15
1ayv,8.0
1azl,8.62
1b38,6.6
1b39,6.92
1b4d,4.81
1b5g,8.0
1ba8,9.0
1bcd,8.7
1bcu,3.28
1bgo,8.46
1bl6,6.8
1bl7,7.72
1bmk,7.6
1bmm,7.1
1bmn,8.44
1bn1,9.34
1bn3,9.89
1bn4,9.31
1bnm,10.0
1bnn,10.0
1bnq,9.49
1bnt,9.8
1bnu,9.7
1bnv,8.77
1bnw,9.08
1bty,4.74
1bxr,3.4
1c1r,7.63
1c1u,8.25
1c1v,7.64
1c4y,7.92
1c50,6.48
1c5n,4.7
1c5o,3.49
1c5p,4.68
1c5q,6.36
1c5s,6.0
1c5t,4.1
1c7e,6.3
1c7f,9.52
1c8k,6.0
1c8l,8.16
1ce5,4.74
1cil,9.43
1cim,8.82
1cin,8.73
1cnw,7.72
1cnx,7.37
1cny,7.85
1cp6,5.0
1czk,8.82
1czl,9.15
1czo,4.55
1czr,9.0
1d04,4.59
1d3d,9.09
1d3p,7.39
1d3q,6.54
1d4p,6.3
1d6w,5.96
1d9i,9.11
1dgm,5.05
1dhi,7.26
1dhj,6.55
1di8,6.0
1di9,5.3
1dmt,8.7
1doj,8.96
1dwc,7.41
1dwd,8.18
1e1y,5.6
1e4h,8.41
1e5a,7.64
1eb2,6.01
1ejn,5.62
1eou,7.44
1erb,8.1
1ezq,9.05
1f0r,7.66
1f0s,7.74
1f0t,6.0
1f0u,7.16
1f5k,3.74
1f5l,5.28
1f92,6.19
1fkn,8.8
1flm,9.37
1fpc,7.0
1ft7,5.18
1ftj,6.09
1ftk,4.84
1ftl,6.0
1ftm,7.61
1fvt,7.22
1fw0,5.43
1g1d,9.44
1g27,8.15
1g2a,8.0
1g2l,7.24
1g2m,7.4
1g30,6.85
1g32,6.11
1g36,7.17
1g37,10.0
1g3b,5.74
1g3c,5.8
1g3d,5.55
1g3e,5.38
1g45,8.64
1g46,8.8
1g48,8.41
1g4j,8.7
1g4o,8.25
1g52,9.54
1g53,9.04
1g54,8.82
1g5s,7.32
1gfz,4.0
1ggn,5.51
1ghv,4.35
1ghw,4.2
1ghy,8.1
1ghz,4.8
1gi1,5.47
1gi4,7.19
1gi6,6.22
1gi7,4.51
1gi8,5.05
1gi9,5.22
1gj4,4.07
1gj5,4.96
1gj6,7.0
1gj7,7.89
1gj8,6.96
1gja,5.42
1gjb,6.35
1gjc,6.35
1gjd,5.22
1h00,4.42
1h01,4.66
1h07,5.52
1h08,4.55
1h0w,4.89
1h4w,4.66
1hlf,5.64
1hp5,6.55
1hs6,5.38
1i7z,6.4
1i8z,8.9
1i90,8.89
1i91,8.94
1i9l,8.48
1i9m,8.48
1i9n,8.66
1i9o,8.42
1i9p,8.41
1i9q,8.41
1iep,7.0
1if8,9.64
1ii5,6.62
1j14,4.49
1j15,3.84
1j16,3.84
1jak,5.57
1jd0,8.24
1jq8,6.0
1jq9,8.45
1jrs,6.4
1jsv,5.7
1jvp,5.8
1jwt,7.85
1k06,5.34
1k08,5.34
1k1i,6.58
1k1j,7.55
1k1l,6.9
1k1m,7.4
1k1n,6.82
1k1o,6.17
1k1p,7.92
1k21,8.38
1k22,8.4
1ke5,6.25
1ke6,8.24
1ke7,8.05
1ke8,6.0
1ke9,6.18
1kmv,6.95
1kpm,5.8
1ksn,9.4
1kti,3.43
1ktt,5.82
1kv5,4.22
1kwq,9.21
1kwr,6.6
1kzn,8.92
1lan,7.22
1lcp,6.64
1lqe,5.82
1lxf,4.1
1lyx,4.54
1lzo,4.54
1m13,7.57
1m4h,9.52
1m5b,8.01
1m5c,6.3
1m5d,5.04
1m5e,7.7
1m5f,7.83
1m7q,8.59
1m9n,6.92
1mem,7.94
1ml1,4.28
1mm7,7.7
1mqd,6.77
1mqg,6.28
1mqh,6.52
1mqi,7.63
1mqj,5.32
1ms7,6.77
1mto,6.96
1mu6,8.38
1mu8,9.0
1mue,8.64
1mxu,5.4
1my2,7.77
1my3,5.4
1my4,6.98
1n0t,4.91
1nc6,8.0
1nfu,7.74
1nfw,8.96
1nfx,8.52
1nfy,8.89
1njf,6.21
1nlj,9.8
1nnk,5.46
1np0,3.57
1nt1,8.89
1nvq,8.25
1nvr,8.11
1nvs,7.82
1nzq,7.96
1o0d,8.21
1o2g,6.12
1o2h,7.17
1o2j,6.92
1o2k,6.92
1o2n,6.09
1o2o,6.36
1o2p,4.85
1o2q,7.68
1o2r,5.21
1o2s,5.47
1o2t,7.85
1o2u,5.85
1o2v,5.85
1o2w,5.85
1o2x,5.85
1o2y,5.85
1o2z,6.11
1o30,6.77
1o32,5.74
1o33,5.74
1o34,5.74
1o35,5.0
1o37,6.82
1o38,6.82
1o39,7.13
1o3b,7.13
1o3c,7.13
1o3d,7.13
1o3e,7.96
1o3f,7.96
1o3g,7.96
1o3h,7.3
1o3i,7.3
1o3j,6.77
1o3k,6.77
1o3l,6.54
1o3p,6.66
1o5a,6.42
1o5b,5.77
1o5c,5.22
1o5e,5.74
1o5f,6.07
1o5g,4.96
1odi,4.21
1odj,4.1
1oe0,5.16
1okl,6.03
1oky,8.19
1okz,8.3
1os0,6.03
1oss,4.79
1ouk,9.89
1ouy,8.37
1ove,9.13
1ow4,5.68
1owd,8.2
1owe,6.2
1owh,7.4
1owi,7.55
1owj,7.32
1owk,7.63
1oxr,5.19
1oyn,6.26
1oyq,6.96
1oyt,7.24
1oz0,7.7
1p1n,6.8
1p1o,5.76
1p1q,4.89
1p28,5.42
1p2a,7.92
1p4r,8.1
1p57,4.4
1pf8,7.51
1pip,5.0
1pkx,6.92
1pl0,8.22
1pmn,8.15
1pmu,6.23
1pmv,6.82
1pop,9.0
1ppc,6.16
1pph,5.92
1pq6,8.1
1pqc,7.0
1pr1,5.3
1pr5,3.92
1pxi,4.77
1pxj,4.89
1pxk,5.66
1pxl,6.05
1pxm,7.22
1pxn,7.15
1pxo,8.7
1pxp,6.66
1py5,7.29
1pye,6.41
1q3d,7.82
1q3w,8.4
1q41,7.66
1q4l,7.4
1q5k,7.42
1q6k,7.59
1q72,6.85
1q7a,7.19
1q8t,4.76
1q8u,5.96
1q8w,5.24
1q9m,6.48
1qb1,6.77
1qb6,6.06
1qb9,7.44
1qbn,5.85
1qbo,7.74
1qbv,5.39
1qcp,7.52
1qf0,7.38
1qf1,7.32
1qf2,5.92
1qhr,6.89
1qj1,8.05
1qj6,7.74
1qj7,8.1
1qyg,6.85
1r1h,8.92
1r1i,8.54
1r78,8.52
1rbp,6.72
1re8,9.52
1rej,8.3
1rek,6.7
1riw,7.55
1ro6,6.46
1rw8,6.76
1rxp,7.14
1sb1,6.89
1sc8,7.44
1sm2,8.0
1snk,9.6
1soj,6.62
1sqa,9.21
1sqo,7.46
1sqt,6.2
1stc,8.1
1sv3,4.35
1sve,8.3
1svg,8.7
1svh,6.44
1syh,6.41
1syi,5.44
1syo,9.0
1sz0,9.0
1t37,4.35
1t46,6.43
1t4e,7.1
1t4v,7.68
1t69,6.32
1ta6,9.13
1tbz,9.8
1td7,4.37
1thl,6.42
1thz,5.15
1tl9,5.52
1tlo,4.0
1tmb,6.74
1tnh,3.37
1tni,4.0
1tom,8.3
1tps,8.0
1tqf,5.85
1tsi,3.48
1ttm,7.35
1tu6,9.08
1tvo,6.85
1tx7,4.6
1tyn,9.7
1u59,7.25
1u6q,5.88
1u71,7.48
1u9v,8.22
1u9w,8.46
1u9x,8.15
1ua4,4.22
1ucn,5.22
1udt,9.3
1udu,9.05
1uho,9.22
1uk0,8.1
1uk1,7.22
1urw,8.52
1utn,3.49
1uu3,6.12
1uu7,4.85
1uu8,5.05
1uu9,5.4
1uv6,5.12
1uvr,6.0
1uw6,7.34
1uwh,7.66
1uy6,3.7
1uy7,3.7
1uy8,4.12
1uy9,4.82
1uyc,4.39
1uyd,3.7
1uye,3.7
1uyf,4.52
1uyg,4.27
1uyh,4.84
1uyi,5.39
1uyk,4.77
1uym,6.0
1v1k,4.46
1v2j,3.25
1v2k,6.19
1v2l,4.29
1v2m,4.29
1v2n,5.9
1v2o,4.73
1v2p,4.73
1v2q,4.13
1v2r,3.55
1v2s,4.17
1v2t,4.71
1v2u,3.37
1v2v,3.37
1v2w,4.01
1v3x,7.62
1veb,7.41
1vj9,7.55
1vja,7.7
1vjc,3.58
1vjd,3.54
1vjy,7.64
1vsn,9.7
1vyz,6.54
1w0x,5.3
1w0z,7.68
1w10,7.55
1w11,8.22
1w12,7.85
1w13,8.7
1w14,8.52
1w22,6.76
1w51,6.3
1way,3.4
1wbn,6.46
1wbs,6.2
1wbt,6.47
1wbv,3.79
1wbw,4.36
1wcc,3.46
1wok,7.48
1wu1,7.74
1wvj,6.73
1wzy,6.25
1x8b,7.01
1xa5,6.5
1xbb,5.3
1xbc,7.92
1xh4,7.47
1xh5,5.47
1xh6,7.32
1xh7,6.82
1xh8,5.77
1xh9,7.77
1xhy,6.18
1xjd,9.48
1xk9,6.85
1xkk,8.52
1xlx,7.6
1xlz,6.02
1xmu,9.08
1xmy,7.3
1xn0,6.24
1xos,4.7
1xoz,8.92
1xp0,9.0
1xpz,7.08
1xq0,6.34
1xs7,7.6
1xws,8.0
1xxh,6.11
1xxi,5.52
1y2h,7.25
1y2j,7.48
1y3v,5.64
1y3w,5.77
1y3x,5.14
1y3y,5.64
1y57,5.79
1y8o,5.89
1y8p,6.08
1y91,7.23
1yci,4.08
1yda,6.55
1ydb,8.24
1ydd,7.07
1ydr,5.52
1yds,5.92
1ydt,7.32
1yet,5.92
1yhs,8.0
1yi3,5.4
1yk7,7.72
1ykr,6.25
1ym2,8.0
1ym4,7.41
1yp9,5.11
1ype,8.1
1ypg,8.0
1ypj,7.02
1yqj,8.14
1yt7,9.89
1yw2,6.85
1ywr,7.89
1yyy,5.09
1z5m,7.52
1z6e,9.72
1z6p,6.05
1z6q,6.7
1z71,9.18
1z9g,5.64
1z9y,7.19
1zdp,5.74
1ze8,7.68
1zfk,7.92
1zfq,7.52
1zge,7.3
1zgi,5.34
1zgv,6.0
1zm6,4.35
1zrz,5.24
1zz1,6.02
1zz2,5.22
1zz3,6.54
1zzl,8.3
2a0c,7.3
2a2x,7.69
2a4l,6.4
2a58,4.92
2ai8,6.8
2al5,8.4
2am1,6.0
2am2,5.1
2amv,8.8
2arm,7.68
2aux,9.3
2auz,9.46
2aw1,7.37
2ayp,8.15
2b17,6.21
2b1g,6.64
2b1i,6.82
2b52,8.1
2b53,6.22
2b54,7.7
2b55,7.02
2b7a,9.0
2b8l,7.82
2b8v,7.01
2bal,6.31
2bdl,7.82
2bdy,7.77
2bok,6.55
2br1,5.14
2brb,4.86
2brg,5.21
2brm,5.89
2brn,5.26
2bro,5.85
2btr,7.02
2bts,7.7
2byh,6.59
2byi,6.34
2byr,8.55
2bys,9.52
2bz5,6.15
2c1a,6.77
2c1b,6.4
2c3i,7.6
2c3j,6.18
2c3k,7.59
2c3l,5.07
2c5y,6.6
2c68,5.74
2c69,4.59
2c6e,9.1
2c6i,4.96
2c6k,6.14
2c6l,6.57
2c6m,6.46
2c6o,8.22
2c8w,8.43
2c8x,6.66
2c8y,4.0
2c90,3.48
2c93,4.92
2cbj,8.27
2ccs,5.7
2cct,5.02
2ccu,6.13
2cgu,4.87
2cgv,4.56
2cgw,4.76
2cgx,4.81
2chm,8.26
2cji,8.22
2clx,4.88
2co0,5.48
2cvd,6.1
2d0k,5.02
2dq7,8.32
2drc,9.89
2ds1,8.47
2duv,7.06
2e2b,7.96
2e2p,4.74
2e9n,8.21
2e9o,7.7
2e9u,8.1
2e9v,7.9
2ei6,7.39
2epn,7.22
2erz,5.66
2esm,6.28
2etk,6.82
2etr,6.82
2ews,6.62
2exm,4.11
2ez7,4.36
2f14,9.19
2f3e,6.81
2f3f,6.72
2f4j,5.66
2fb8,9.8
2fdp,7.59
2feq,8.86
2fes,9.01
2fm0,9.4
2fm5,7.37
2fpz,3.96
2fs8,7.6
2fs9,8.52
2fvd,8.52
2fwy,6.7
2fwz,7.3
2fx6,3.7
2fxr,7.6
2g00,9.74
2g01,5.91
2g94,9.52
2g9q,6.4
2g9r,6.08
2g9u,6.08
2g9v,5.92
2gcd,5.52
2gd8,7.41
2gde,8.24
2gdo,9.49
2gfs,6.15
2gh6,4.95
2ghg,8.82
2gj4,6.5
2gl0,4.82
2gm9,7.39
2gnf,5.22
2gnh,6.83
2gni,5.64
2gnj,5.22
2gnl,7.24
2gu8,8.59
2h13,5.35
2h15,5.67
2h42,8.62
2h44,5.77
2h4n,8.7
2h8h,8.57
2hd6,7.8
2hiw,8.1
2hiz,6.95
2hl4,7.64
2hm1,8.7
2hnc,7.22
2hoc,9.52
2hog,9.52
2hxl,7.92
2hxq,6.84
2hy0,9.19
2hyy,6.77
2hz0,6.48
2hz4,5.47
2hzi,7.15
2hzn,7.39
2i0h,8.05
2i3v,6.55
2in6,7.64
2io6,7.52
2iqg,8.3
2irz,7.92
2is0,6.7
2ito,6.91
2itt,8.77
2ity,7.27
2itz,8.59
2ivu,6.43
2j27,3.52
2j2i,6.7
2j2u,7.33
2j34,7.82
2j4i,9.0
2j4z,7.19
2j50,7.89
2j87,4.85
2j94,6.27
2j95,8.4
2j9n,4.7
2jdo,6.64
2jds,8.2
2jdt,6.77
2jdv,8.2
2jh0,8.7
2jh5,6.44
2jh6,7.77
2jkh,8.05
2kfx,4.0
2l84,7.72
2nng,5.36
2nno,6.4
2nns,6.05
2nnv,7.52
2np8,7.38
2nqg,6.48
2nqi,6.11
2o3p,5.96
2o4z,6.25
2o63,6.11
2o64,6.47
2o65,6.19
2o9i,7.4
2oah,7.96
2obj,7.3
2off,6.52
2oh0,7.74
2ohl,3.05
2ohm,3.51
2ohp,4.03
2ohq,4.6
2ohr,4.0
2ohs,4.4
2oht,5.04
2ohu,5.38
2oic,8.4
2oj9,6.41
2ojf,6.96
2ojg,5.64
2oji,7.07
2ojj,8.7
2oq6,3.6
2osf,3.83
2osm,6.2
2ou7,3.81
2owb,6.36
2oxn,7.44
2p3g,6.9
2p4j,8.96
2p83,7.96
2p8h,7.15
2p93,8.82
2p94,9.17
2p95,9.37
2pe0,7.1
2pe1,8.3
2pe2,8.4
2pgz,5.74
2ph6,7.57
2ph8,5.74
2ph9,5.89
2pou,7.42
2pov,7.12
2pow,7.2
2pre,6.65
2prj,4.49
2psx,5.77
2pyi,3.75
2q11,6.05
2q15,7.96
2q1j,9.1
2q1q,8.15
2q38,5.23
2q8i,3.4
2qf6,6.49
2qfo,4.7
2qg0,5.72
2qg2,5.4
2qhm,6.18
2qhn,6.01
2qk5,8.1
2qk8,7.91
2qlm,5.64
2qln,5.43
2qmd,8.3
2qmf,8.52
2qmg,9.15
2qn1,4.77
2qn2,4.55
2qn3,5.36
2qnb,5.34
2qo8,8.47
2qoa,7.28
2qoh,7.7
2qp6,6.68
2qp8,8.1
2qpj,6.35
2qrg,5.18
2qrh,4.71
2qrk,4.26
2qrl,4.0
2qrm,4.03
2qrp,6.2
2qrq,5.1
2qu2,5.43
2qu3,6.23
2qv7,3.66
2qyl,6.19
2qyn,6.24
2qzk,7.57
2qzl,8.1
2r0u,9.0
2r2m,7.33
2r2w,4.47
2r3f,6.3
2r3g,6.1
2r3h,4.7
2r3i,6.0
2r3j,8.0
2r3k,7.0
2r3l,7.0
2r3m,8.0
2r3n,7.15
2r3o,6.22
2r3p,6.05
2r59,8.19
2r64,7.52
2r6n,9.0
2r7b,7.22
2ra0,7.8
2rc8,6.52
2rcb,6.79
2rcw,8.1
2rd6,8.3
2rin,4.0
2rio,4.69
2rku,8.3
2std,9.85
2uw0,7.7
2uw3,4.1
2uw4,5.28
2uw5,7.51
2uw6,6.55
2uw7,7.74
2uw8,4.11
2uwd,8.35
2uwl,8.4
2uwo,8.7
2uwp,6.81
2uzj,4.57
2uzn,7.52
2uzo,4.57
2v2c,3.41
2v2h,3.77
2v5x,6.66
2v7a,8.3
2va5,4.07
2va6,6.17
2va7,6.7
2vc9,8.44
2vcb,5.26
2vci,7.68
2vcj,7.68
2vcq,6.04
2vcw,3.05
2vcx,7.68
2vd0,4.94
2vd1,6.86
2vd7,5.38
2vh0,8.51
2vh6,9.7
2vie,7.48
2vio,4.4
2vip,5.28
2viq,5.89
2viv,6.28
2viw,7.14
2viy,5.74
2viz,6.22
2vj6,7.89
2vj7,7.4
2vj8,8.7
2vj9,6.74
2vkm,8.74
2vnm,8.52
2vnn,8.7
2vnt,8.0
2vo7,6.77
2vta,3.73
2vth,3.92
2vti,6.18
2vtj,5.72
2vtl,4.01
2vtn,6.07
2vto,6.85
2vtp,8.52
2vtq,6.85
2vtr,5.82
2vts,7.52
2vtt,7.36
2vu3,7.33
2vur,4.52
2vv9,7.77
2vvc,8.52
2vvn,7.3
2vvs,7.34
2w05,9.0
2w06,7.08
2w0x,3.2
2w17,8.7
2w1c,8.0
2w1d,6.04
2w1e,7.92
2w1f,8.23
2w1g,8.52
2w1h,7.28
2w1i,8.92
2w26,9.4
2w66,4.05
2w67,4.96
2w8f,6.3
2w8g,6.0
2w92,4.55
2w9h,6.37
2wa4,4.74
2waj,6.4
2wb5,9.13
2wd3,7.07
2wd7,4.97
2weg,6.5
2weh,5.95
2wej,6.08
2weo,6.93
2wez,7.64
2wf0,6.68
2wf1,8.7
2wf2,7.59
2wf3,7.72
2wf4,7.89
2wi2,3.46
2wi3,3.46
2wi4,5.81
2wi5,6.05
2wi6,6.64
2wi7,7.24
2wmr,4.28
2wmu,4.38
2wmv,5.04
2wmw,6.41
2wmx,6.07
2wn9,8.52
2wnc,6.32
2wnj,6.48
2wnl,6.0
2wot,7.36
2wou,7.14
2wqb,6.27
2wtv,8.74
2wtw,8.19
2wu6,7.53
2wu7,6.28
2wuf,4.29
2wwj,4.48
2x2k,6.52
2x2l,5.28
2x6d,7.92
2x6e,7.82
2x7o,7.47
2x7s,5.78
2x7t,6.63
2x7u,5.27
2x81,8.3
2x8d,6.1
2x8e,7.85
2x8i,6.72
2x9e,6.74
2xa4,8.52
2xab,9.27
2xch,6.43
2xck,6.15
2xde,5.47
2xdk,3.6
2xdl,3.1
2xdx,6.46
2xey,5.19
2xez,5.82
2xf0,4.52
2xfi,7.82
2xfj,7.89
2xfk,8.52
2xhr,8.32
2xht,5.96
2xhx,6.6
2xiz,3.89
2xj1,7.55
2xj2,7.18
2xjg,7.82
2xjj,6.51
2xjx,9.15
2xk3,5.68
2xk4,4.77
2xk6,5.8
2xk7,5.82
2xk8,5.62
2xkc,5.59
2xkd,5.64
2xke,5.38
2xkf,6.06
2xm1,5.07
2xm2,4.62
2xmy,9.96
2xnb,6.83
2xne,6.72
2xng,7.22
2xnm,6.8
2xnn,4.3
2xno,5.93
2xnp,6.44
2xru,7.51
2xys,7.42
2xyt,6.29
2xyu,5.35
2xz5,4.01
2y34,7.1
2y54,4.7
2y56,6.51
2y57,6.89
2y58,5.5
2y6o,7.6
2y8l,5.82
2y8o,5.12
2y8q,5.82
2yac,8.7
2yak,8.7
2yb9,9.22
2ybk,4.62
2ybp,4.62
2ybs,4.59
2yde,3.72
2ydi,6.82
2ydj,8.3
2ydk,8.15
2ye9,6.22
2yer,7.7
2yex,10.0
2ygf,5.09
2yi0,8.12
2yi5,7.41
2yi7,8.32
2yix,8.48
2yjw,5.12
2yjx,5.12
2yk1,8.13
2yk9,5.09
2ykb,5.96
2ykc,6.11
2yke,5.96
2yki,9.46
2ykj,6.21
2ym3,6.0
2ym4,5.82
2ym5,6.37
2ym6,6.06
2ym7,6.89
2ym8,7.89
2yme,7.66
2ypi,4.82
2ywp,8.15
2z60,8.05
2z7r,9.52
2za5,8.43
2zaz,6.4
2zb0,6.62
2zb1,6.32
2zc9,6.74
2zda,8.4
2zdk,6.37
2zdl,6.4
2zdm,6.41
2zdn,6.25
2zdt,8.02
2zdx,3.19
2zdz,6.15
2ze1,6.22
2zfp,5.17
2zfs,6.54
2zft,6.52
2zgx,6.74
2zhd,6.54
2zju,5.81
2zjv,5.14
2zkj,5.48
2zm3,6.21
2zmd,7.01
2zof,8.15
2zq1,6.62
2zq2,6.56
2zv9,8.05
2zva,7.96
2zxg,8.82
3a2c,6.9
3a4o,8.89
3aas,4.51
3aau,5.05
3aav,6.62
3ag9,8.05
3agl,7.8
3ama,6.53
3amb,6.18
3amv,7.97
3anq,6.74
3anr,6.46
3ati,3.73
3atl,4.76
3atm,3.06
3axz,3.43
3ay0,3.04
3b24,4.38
3b25,6.07
3b26,6.64
3b27,5.16
3b28,8.47
3b3c,3.98
3b3w,4.19
3b4f,8.14
3b7i,5.82
3b7r,7.7
3b7u,7.74
3bcs,5.21
3bet,5.82
3bex,5.57
3bft,6.49
3bfu,6.27
3bgp,7.04
3bgq,7.96
3bgz,6.26
3bi6,7.82
3biz,7.24
3bjc,6.96
3bl0,6.92
3bl1,5.6
3bm9,6.72
3bmn,4.46
3bmo,5.27
3bmq,5.49
3bmy,7.52
3buf,3.1
3bug,3.18
3buh,3.66
3bv2,9.36
3bv9,5.36
3bwf,9.7
3bwj,6.5
3c0z,3.95
3c10,6.52
3c1k,9.44
3c39,3.96
3c49,7.15
3c4c,6.8
3c4e,4.0
3c4h,5.7
3c5u,8.19
3c79,7.2
3c7p,10.0
3c84,7.85
3c9e,8.0
3caj,8.1
3ce0,6.15
3cen,8.26
3cfn,5.0
3cgf,6.57
3cgy,3.15
3cho,6.55
3chp,5.27
3chq,7.7
3chr,7.21
3chs,7.77
3cib,7.85
3cic,8.52
3cid,8.3
3ckp,6.35
3ckr,5.3
3ckz,8.72
3cl0,7.07
3cl2,7.59
3coh,8.4
3cow,6.9
3coy,6.02
3coz,5.57
3cqu,6.82
3cqw,7.38
3ctq,7.4
3cy2,7.22
3d0b,6.54
3d2r,5.48
3d3p,8.5
3d7z,7.92
3d83,8.36
3d8w,8.15
3d94,6.8
3d9v,8.22
3d9z,8.7
3da9,5.51
3daz,7.93
3dbu,8.06
3dc3,8.31
3dcc,8.96
3dcs,7.94
3dct,6.95
3dcv,8.52
3dcw,9.0
3dd0,9.0
3dd8,7.85
3ddq,6.68
3dm6,7.43
3dnd,4.8
3dne,5.22
3dnt,4.74
3dog,7.4
3ds6,9.1
3dt1,8.62
3du8,6.84
3dux,7.0
3duy,5.85
3dv1,6.23
3dv5,7.66
3e62,4.39
3e63,5.8
3e64,7.11
3e92,8.0
3e93,8.85
3ebi,7.1
3ebo,4.72
3ebp,5.91
3ee2,4.19
3eft,7.92
3efw,8.4
3egk,4.66
3eig,7.68
3eko,6.7
3ekr,7.52
3elj,5.3
3emg,8.05
3erk,4.74
3exo,4.62
3ezr,5.0
3ezv,5.98
3f07,5.54
3f0r,6.89
3f2a,7.24
3f5p,6.85
3f68,5.06
3f7b,7.19
3f7u,6.61
3f7z,7.19
3f88,8.64
3f8e,7.23
3f9n,5.89
3faa,8.15
3fat,7.64
3fc2,9.06
3fdn,7.48
3ffg,9.08
3ffp,7.14
3fh5,7.06
3fh7,7.6
3fh8,6.74
3fhb,5.7
3fhe,8.6
3fkt,5.55
3fl8,7.27
3fmz,8.08
3fqe,8.3
3fqh,6.24
3fqs,7.39
3frg,8.4
3ft5,4.82
3ft8,7.52
3fts,3.67
3ftu,3.61
3fty,3.21
3fu5,4.12
3fu6,3.97
3fui,6.8
3fuj,3.63
3fuk,3.02
3ful,3.7
3fum,3.77
3fun,6.72
3fup,7.66
3fw3,7.37
3fyj,8.3
3fyk,7.4
3fz1,7.92
3g2h,3.82
3g2i,4.86
3g2j,4.75
3g2k,4.79
3g2l,3.87
3g2n,4.09
3g2t,7.0
3g2u,5.27
3g2w,5.66
3g5k,9.52
3g90,6.36
3g9n,5.74
3gb2,7.47
3gc7,9.22
3gfe,8.49
3gfw,7.57
3gjw,8.3
3gn7,8.3
3gs6,6.59
3gsm,6.48
3gvu,8.0
3gxl,7.6
3gy2,5.74
3gy3,5.63
3gy4,5.1
3gy7,4.52
3h03,3.87
3h06,3.53
3h0b,5.49
3h0y,8.22
3h0z,8.37
3h1x,5.89
3h21,4.7
3h22,5.1
3h23,4.71
3h26,4.49
3h2a,3.96
3h2c,3.3
3h2f,4.06
3h2m,3.67
3h2n,3.67
3h2o,4.59
3h9f,7.92
3h9o,7.15
3hc8,8.54
3hdz,7.29
3hhu,7.39
3hkn,5.35
3hkq,5.34
3hkt,5.39
3hku,8.3
3hl7,7.64
3hll,8.24
3hmm,7.6
3hmo,7.52
3hmp,5.49
3hmv,7.3
3hp2,6.17
3hqr,5.52
3hrb,7.68
3hrf,4.99
3hs4,8.0
3huc,5.99
3hv4,6.51
3hv5,7.02
3hw1,3.06
3i25,8.51
3i4b,8.15
3i5z,8.7
3i60,8.7
3ibi,8.59
3ibl,7.84
3ibn,7.61
3ibu,9.15
3idp,8.8
3ieo,6.48
3ig6,7.6
3ig7,7.2
3igb,4.42
3igg,7.18
3igp,7.02
3ii5,7.62
3iit,8.02
3ik3,8.7
3in3,7.22
3in4,7.52
3ind,5.82
3ine,6.77
3inf,7.4
3inh,7.7
3io7,7.77
3iob,3.42
3ioc,3.68
3iod,4.1
3ioe,3.27
3iok,7.96
3ion,8.1
3iop,7.77
3iph,7.6
3itu,4.4
3itz,8.85
3iub,4.54
3iue,5.82
3ivc,4.12
3ivg,4.3
3ivh,7.33
3ivi,7.92
3ivx,5.74
3ixj,9.49
3ixk,8.18
3jpv,6.92
3jq7,5.92
3jq8,4.46
3jq9,6.4
3jqa,4.46
3jqb,6.02
3jqf,4.46
3jqg,4.74
3jvr,5.72
3jvs,6.54
3jwq,7.6
3jwr,8.07
3jxw,9.0
3jy0,8.3
3jy9,9.0
3jya,6.89
3jzk,5.91
3k2f,7.2
3k5c,7.77
3k5d,7.28
3k5f,5.43
3k5g,8.6
3k5u,6.51
3k5v,6.3
3k97,8.0
3k98,9.0
3k99,7.22
3kb7,8.15
3kcf,7.46
3kck,9.1
3kf4,9.3
3kf7,7.4
3kfa,7.6
3kfc,8.55
3kga,7.21
3kgu,5.92
3kid,3.18
3kig,6.61
3kjd,8.54
3kl6,8.46
3kqb,9.3
3kqc,8.66
3kqd,9.4
3kqe,8.09
3kr8,8.1
3krr,9.32
3kvw,6.89
3kw9,9.0
3kwa,4.08
3kwb,7.77
3kwz,8.4
3kx1,7.0
3kyr,6.72
3l1s,8.7
3l38,7.0
3l3a,6.38
3l3l,7.48
3l3m,8.22
3l58,8.1
3l59,3.7
3l5b,3.91
3l5c,5.15
3l5d,4.11
3l5e,7.57
3l5f,6.22
3l7a,4.33
3l9l,6.78
3l9m,7.3
3l9n,8.07
3lau,4.52
3lbl,7.44
3ldq,5.36
3le6,7.46
3le8,6.07
3lfn,5.5
3lfs,5.6
3lhg,7.7
3lhj,9.51
3liw,7.6
3ljj,6.52
3ljo,6.62
3lnk,5.94
3lpb,7.38
3lvp,8.7
3lw0,6.4
3ly2,8.3
3m11,7.37
3m1k,5.39
3m2w,8.52
3m35,7.22
3m36,9.82
3m37,9.04
3m3x,6.82
3m40,6.77
3m5e,7.37
3m67,6.74
3m6p,8.35
3m6q,7.32
3m6r,7.49
3m96,7.22
3ma3,7.22
3max,6.05
3mb6,7.0
3mhc,7.96
3mhi,6.7
3mhl,7.25
3mhm,7.0
3mho,6.49
3miy,7.68
3mj1,7.82
3mj2,7.82
3ml2,8.05
3mmf,7.43
3mna,7.39
3mpt,6.6
3mqf,5.24
3mrt,3.7
3mrv,3.74
3mrx,3.39
3ms2,3.72
3ms4,3.28
3ms7,3.43
3msc,3.31
3msj,3.11
3msk,4.59
3msl,5.15
3mss,4.66
3mt7,4.03
3mt8,4.55
3mt9,4.59
3mta,4.3
3mtb,4.63
3mtd,3.47
3mv5,6.74
3mvh,9.3
3mvj,5.49
3mvl,7.89
3mw1,9.09
3myq,7.52
3mz3,7.83
3mz6,7.2
3mzc,6.65
3n0h,6.21
3n0n,7.3
3n1c,5.22
3n2p,7.82
3n3j,8.48
3n4b,7.02
3n4l,7.23
3nb5,7.74
3nc4,4.58
3ncz,7.82
3ndm,7.96
3nex,6.0
3nga,8.0
3ni5,7.55
3njy,5.77
3nkk,4.7
3nlb,7.46
3nmq,9.7
3nnu,7.32
3nnv,7.57
3nnw,8.05
3nnx,7.96
3np7,4.02
3np9,4.4
3npa,3.87
3nrm,8.4
3ns9,8.52
3nsh,6.33
3nsn,7.19
3nus,3.51
3nuu,3.77
3nuy,3.46
3nw5,5.08
3nw6,8.15
3nw7,8.28
3nww,8.15
3nyn,6.0
3o0j,7.19
3o0u,7.92
3o1g,9.0
3o23,6.3
3o2m,4.8
3o56,9.1
3oaf,8.8
3ocb,8.3
3og7,7.51
3ohf,7.03
3ohh,7.74
3oik,6.17
3oil,5.68
3oim,6.74
3oku,6.36
3okv,6.23
3ooz,7.85
3ot3,8.3
3ot8,8.05
3ouh,7.1
3ouj,6.05
3ovz,8.06
3ow3,6.13
3ow4,7.66
3ow6,6.66
3owb,7.72
3owd,7.52
3oy0,8.0
3oy3,7.45
3oyq,7.99
3oys,8.05
3ozj,5.11
3ozp,6.62
3p17,4.48
3p23,4.42
3p3h,7.44
3p3j,7.92
3p4f,5.66
3p4v,5.1
3p58,7.6
3p5l,7.39
3p9j,7.51
3pa3,9.0
3pa4,8.52
3pa5,8.7
3pcu,5.29
3pd2,5.47
3pd3,4.44
3pd4,4.48
3pdq,6.74
3pe1,9.65
3pi5,6.02
3pj8,7.4
3pn3,6.4
3pn4,6.85
3po1,4.02
3po6,7.06
3poz,7.64
3ppj,8.7
3ppk,8.85
3prf,8.85
3psb,8.52
3psd,8.52
3psl,6.89
3pxf,4.43
3pxq,4.43
3pxy,5.23
3pxz,5.23
3py0,6.89
3py1,6.89
3pyy,6.86
3q32,8.74
3q3b,7.76
3q43,7.37
3q44,6.31
3q4c,6.43
3qbh,6.82
3qbn,8.23
3qc4,8.7
3qc9,6.06
3qcq,6.8
3qcs,6.5
3qcx,7.2
3qcy,7.7
3qd0,8.5
3qd3,8.0
3qd4,8.2
3qdd,8.77
3qem,7.22
3qfy,6.12
3qfz,3.24
3qgw,5.89
3qgy,7.8
3qi1,7.66
3qkk,6.52
3qkl,8.05
3qkm,7.42
3qqk,4.82
3qqu,8.62
3qri,9.1
3qrj,8.4
3qrk,7.24
3qtf,6.96
3qto,4.13
3qtq,5.51
3qtr,6.03
3qts,5.51
3qtu,7.15
3qtv,4.65
3qtw,6.19
3qtx,7.15
3qtz,7.3
3qu0,7.7
3que,8.82
3qwc,4.26
3qx5,4.2
3qxp,7.7
3r00,5.07
3r01,5.24
3r02,9.0
3r04,6.92
3r16,7.3
3r17,6.41
3r21,6.74
3r22,7.77
3r2f,8.85
3r4m,5.92
3r4n,6.89
3r4o,8.15
3r4p,7.96
3r5m,4.34
3r8u,5.3
3r8v,5.54
3r8z,4.31
3r91,7.04
3r92,7.02
3r9d,4.15
3r9h,4.0
3r9n,5.85
3r9o,4.0
3rah,7.92
3rak,6.89
3ral,7.0
3rcj,6.1
3rin,8.89
3rjc,5.24
3rk5,5.4
3rk7,6.7
3rk9,6.28
3rkb,6.42
3rkz,7.08
3rl8,5.98
3rlp,7.08
3rlq,7.4
3rlr,7.52
3rmf,4.09
3rni,5.17
3roc,8.19
3rpr,4.0
3rpv,7.15
3rpy,5.32
3rsv,9.15
3rsx,4.41
3rth,5.21
3rtm,4.42
3rtn,7.13
3ru1,4.85
3rvg,8.3
3rvi,7.96
3rwp,9.22
3rwq,7.46
3rxd,3.73
3rxe,4.76
3rxi,3.06
3rxj,3.06
3rxm,3.63
3rxo,4.08
3ryj,7.8
3ryv,7.07
3ryx,8.14
3ryy,7.42
3ryz,8.62
3rz0,7.55
3rz1,8.74
3rz5,7.89
3rz7,8.96
3rz8,8.17
3rzb,4.0
3s00,4.92
3s0j,3.77
3s0o,4.48
3s1h,4.77
3s2o,5.05
3s2p,7.17
3s3i,7.8
3s3v,6.23
3s6t,7.35
3s71,8.64
3s72,6.4
3s73,8.7
3s74,8.4
3s75,6.82
3s76,5.05
3s77,7.21
3s78,6.47
3s7a,8.96
3s7l,7.1
3s7m,8.0
3s8x,7.3
3s9t,6.82
3sap,7.59
3sax,6.57
3sbh,7.28
3sbi,7.92
3sc1,4.38
3sff,6.7
3sfh,7.05
3sha,5.59
3shc,5.72
3shy,7.04
3shz,7.44
3si3,4.16
3si4,3.88
3sie,7.88
3skc,8.8
3skf,8.3
3skg,8.1
3sqq,5.32
3srv,7.5
3sur,4.15
3sus,4.15
3sut,7.85
3suu,8.52
3suv,4.55
3suw,4.7
3sv2,4.19
3sym,4.57
3syr,5.1
3t3d,4.91
3t3e,5.99
3t3g,5.49
3t3h,5.71
3t3i,4.77
3t3y,5.47
3t4h,5.28
3t4v,6.3
3t5u,7.59
3t82,7.0
3t83,6.98
3t84,6.97
3t85,7.95
3t8v,6.59
3t9t,8.71
3tdh,4.26
3te5,4.91
3thb,8.7
3ti1,3.89
3tiy,4.77
3tiz,3.82
3tjc,7.51
3tjd,9.0
3tkh,7.33
3tku,5.72
3tpp,7.82
3tpr,7.7
3tti,8.22
3tu1,6.6
3tu7,8.09
3tv4,6.96
3tv6,8.32
3tv7,7.52
3twj,7.84
3tzm,7.77
3u6a,6.49
3u8j,8.51
3u8k,8.66
3u8l,8.05
3u8m,8.89
3u8w,9.0
3u9n,7.0
3ua9,7.25
3ucj,6.0
3udj,3.62
3udk,4.49
3udm,4.48
3udp,5.22
3udq,6.0
3udr,4.96
3udy,5.7
3ue4,8.96
3ufl,6.82
3ug2,8.25
3ugc,6.02
3uix,6.82
3uli,7.15
3umo,3.89
3umw,8.52
3umx,6.62
3unj,4.96
3unk,4.82
3unz,7.8
3uo4,6.52
3uo5,7.41
3uo6,7.82
3uod,7.31
3uoh,7.89
3uoj,7.29
3uok,9.1
3uol,8.51
3up2,7.4
3up7,8.21
3uqp,7.31
3uqr,7.24
3uvl,5.69
3uvn,6.59
3uvo,7.0
3uvx,4.34
3v3v,5.34
3v5g,7.13
3v5j,7.96
3v5l,8.15
3v6r,6.15
3v6s,9.12
3v7t,7.21
3v7x,8.57
3v8s,6.19
3v8t,9.52
3v8w,8.07
3vap,8.4
3vbd,8.07
3vbq,9.33
3vbt,4.43
3vbv,5.0
3vbw,5.22
3vbx,4.77
3vby,4.55
3vc4,7.62
3veu,7.26
3vf3,5.86
3vf8,6.82
3vf9,8.72
3vg1,7.26
3vh9,6.24
3vha,7.4
3vhc,8.89
3vhd,9.28
3vi5,5.68
3vi7,7.39
3vqh,5.92
3vqu,7.43
3vv6,3.8
3vv7,5.34
3vv8,4.77
3w1f,8.44
3w2o,5.08
3w2p,5.09
3w2q,7.18
3w2r,7.72
3w2s,8.16
3w32,7.12
3w33,7.44
3w55,7.1
3w5e,7.96
3wb4,4.44
3wb5,4.57
3wbl,4.64
3wd9,8.08
3wha,9.32
3wi6,5.33
3wmb,5.37
3wmc,6.51
3wth,6.29
3wti,5.9
3wtj,6.53
3wtk,6.53
3wtl,7.04
3wtm,7.0
3wtn,7.04
3wto,6.92
3wyx,8.37
3wyy,8.49
3wzj,8.18
3wzk,7.24
3wzu,5.89
3x1k,3.59
3zdg,7.1
3zdh,7.35
3zh8,6.47
3zlq,6.04
3zm5,6.74
3zm6,6.52
3zmg,7.64
3zmm,9.14
3znc,7.34
3znr,7.44
3zns,7.41
3zo1,6.0
3zo2,7.1
3zo4,6.83
3zos,8.89
3zov,7.22
4a4l,7.82
4a4o,8.05
4a4x,7.23
4a6l,8.0
4a7c,8.22
4a7j,7.0
4aa4,8.05
4aa5,7.8
4aac,8.17
4ab8,3.87
4ab9,3.33
4aba,3.82
4abb,4.51
4abd,4.4
4abe,3.4
4abf,4.62
4abg,3.57
4abh,4.15
4abu,6.28
4abv,6.07
4acm,6.68
4acu,7.39
4acx,7.11
4afe,7.14
4afg,8.3
4aft,6.47
4agl,3.65
4agm,3.98
4agn,3.97
4ago,4.81
4agp,4.69
4agq,5.01
4ai8,4.0
4aj1,3.11
4aj4,3.89
4aje,3.68
4aji,3.55
4ajk,3.11
4ajl,3.8
4ajn,7.16
4ajo,7.03
4al4,6.89
4alu,7.77
4alv,8.15
4alw,7.57
4alx,7.28
4aqc,9.05
4avu,7.85
4avw,7.62
4awi,6.0
4awp,7.09
4awq,6.32
4axa,8.0
4axd,4.43
4ayv,9.17
4ayy,8.17
4az2,7.33
4az5,5.99
4az6,9.1
4azb,7.24
4aze,8.11
4azf,6.35
4azg,7.1
4azi,7.45
4azt,4.17
4azy,6.7
4b00,8.61
4b05,7.58
4b0g,7.82
4b1c,7.1
4b1d,7.49
4b2l,3.24
4b32,3.34
4b33,3.37
4b34,3.14
4b3b,3.6
4b5d,7.89
4b70,5.2
4b72,6.2
4b77,5.1
4b78,5.0
4b7p,9.46
4bah,8.7
4bak,8.91
4bam,8.94
4ban,8.61
4bao,8.37
4baq,9.01
4bbe,8.44
4bbf,8.66
4bcw,4.0
4bek,4.39
4bf1,8.62
4bf6,8.35
4bfd,7.02
4bfp,7.82
4bg1,6.31
4bgh,8.4
4bgk,6.28
4bgm,6.21
4bhf,3.46
4bhi,7.05
4bhz,4.27
4bi0,4.23
4bi1,4.16
4bi2,4.03
4bi6,3.95
4bi7,4.58
4bio,5.12
4bis,5.85
4bj9,7.35
4bkj,8.72
4bnt,3.86
4bnu,7.7
4bnv,7.52
4bnx,7.7
4bny,7.1
4bnz,6.59
4bo0,6.7
4bo1,7.3
4bo2,7.3
4bo3,6.52
4bo4,6.89
4bo5,7.1
4bo6,6.74
4bo7,7.0
4bo8,6.92
4bo9,6.51
4bqg,6.22
4bqt,5.79
4bqw,7.48
4bqx,6.52
4bs4,8.22
4btk,6.62
4btm,5.39
4bw1,5.9
4bw2,5.2
4bw3,6.3
4bw4,6.2
4byi,8.05
4byj,6.57
4bzn,5.84
4bzo,7.89
4c35,6.25
4c36,7.7
4c37,7.71
4c38,7.76
4c4e,7.6
4c4f,7.59
4c4g,8.22
4c4h,8.22
4c4i,7.66
4c4j,8.52
4c5w,5.48
4c61,8.4
4c8r,6.82
4c9w,6.11
4c9x,7.32
4cfv,4.63
4ch8,5.99
4cki,5.96
4ckj,4.84
4ckr,6.98
4cl9,7.3
4clb,6.55
4cq0,5.09
4cqe,8.43
4cqf,4.3
4cwf,4.49
4cwn,5.59
4cwo,5.21
4cwp,6.77
4cwq,7.06
4cwr,8.3
4cws,7.92
4cwt,6.75
4cxw,6.09
4cxx,5.68
4cxy,4.93
4d08,8.0
4d09,8.77
4d0w,7.7
4d0x,8.1
4d1s,7.66
4d2r,5.48
4d2s,7.7
4d7b,7.68
4d83,7.26
4d85,6.85
4d88,7.31
4d89,8.7
4d8a,3.42
4d8c,8.7
4d8e,7.01
4d8i,6.69
4d8n,5.74
4d8z,6.29
4d9p,3.84
4daf,7.12
4dai,6.96
4db7,6.56
4dbm,7.62
4ddh,3.3
4de5,3.15
4dea,6.59
4deb,6.43
4ded,7.42
4dfb,4.6
4dfl,6.17
4dfn,7.7
4dfu,4.6
4dgm,5.92
4dgn,6.46
4dh6,7.77
4dhf,7.55
4di2,8.26
4dij,7.52
4dj7,6.3
4dju,5.44
4djv,6.72
4djw,6.28
4djx,7.23
4djy,8.27
4dk7,7.7
4dk8,5.74
4dlj,5.92
4dmy,9.0
4dn0,5.72
4dpf,6.4
4dpi,7.11
4dr9,8.0
4drk,5.08
4drm,5.24
4drn,5.24
4dro,5.41
4drp,5.41
4dtk,8.52
4duh,5.18
4dus,8.3
4dv9,6.72
4dvf,6.89
4e0x,7.12
4e35,4.62
4e3g,4.97
4e3h,7.05
4e49,5.11
4e4x,8.15
4e5w,7.66
4e6d,8.92
4e6q,8.36
4e7r,7.7
4eeh,4.35
4ef4,5.35
4eft,4.07
4efu,6.6
4eh2,3.16
4eh3,3.53
4eke,4.48
4eky,3.52
4el0,4.49
4el5,5.37
4elb,8.3
4ele,7.88
4elf,8.03
4elg,8.16
4elh,8.09
4enx,6.26
4eny,7.05
4erf,9.4
4erk,4.57
4erw,8.15
4es0,6.99
4etz,6.3
4eu0,6.4
4euv,6.3
4ewo,7.36
4exg,8.07
4ez3,4.35
4f08,6.6
4f09,6.7
4f4p,9.22
4f5y,5.43
4f9g,5.62
4f9w,6.94
4f9y,6.74
4fcq,7.0
4fcr,9.4
4fev,5.42
4few,5.21
4fl1,3.28
4fl2,3.66
4fl3,3.82
4fm7,7.24
4fm8,5.97
4fri,5.55
4frj,6.55
4frk,8.1
4frs,8.77
4fse,7.4
4fsl,7.7
4fvq,6.0
4fvr,6.0
4fyo,7.33
4fz6,6.9
4fzj,3.15
4g0c,7.92
4g2y,6.0
4g5f,3.05
4g69,5.98
4g8m,7.89
4g95,7.61
4g9c,8.64
4gcj,7.7
4gfm,7.22
4gih,8.32
4gkh,4.67
4gki,4.46
4gm3,9.0
4gm8,9.0
4gmy,7.55
4gv1,8.52
4gw8,6.06
4gxs,4.0
4gzp,7.84
4gzt,7.77
4gzw,4.52
4gzx,3.19
4h1e,8.52
4h36,4.27
4h3f,9.0
4h3g,8.22
4h3i,8.52
4h3j,7.05
4h42,3.47
4h58,6.72
4ha5,7.24
4hct,7.14
4hcu,8.0
4hcv,6.4
4hfp,7.38
4hg7,7.05
4hge,7.92
4hhy,8.72
4hhz,7.72
4hki,6.85
4hkk,5.54
4hkn,5.96
4hl5,6.35
4hlf,6.06
4hlg,6.51
4hlh,5.96
4hlk,5.96
4hlm,6.77
4hmh,6.21
4ht0,8.0
4ht2,6.54
4hyh,9.0
4hyi,8.52
4hzt,6.12
4i0d,6.21
4i0f,6.35
4i0r,7.85
4i0s,7.44
4i0t,7.59
4i0z,6.33
4i10,6.77
4i12,6.39
4i1c,8.1
4i5h,8.7
4i5m,8.06
4i9h,7.17
4i9u,3.86
4i9z,7.74
4idz,4.36
4ie0,5.08
4ie4,5.48
4ie5,4.82
4ie6,5.55
4ie7,5.05
4igt,7.89
4im0,7.72
4inb,6.05
4io2,6.7
4io3,6.06
4io4,4.61
4io5,5.03
4io7,3.68
4iq6,7.24
4itp,7.27
4iue,6.55
4iva,7.16
4ivs,7.36
4ivt,6.0
4iwz,7.29
4j0p,7.29
4j0t,6.74
4j0v,7.55
4j0y,6.36
4j0z,7.11
4j17,7.27
4j1c,7.31
4j1e,7.72
4j1f,7.92
4j1h,6.11
4j1i,7.4
4j1k,7.89
4j21,7.41
4j22,7.74
4j3l,7.8
4j3m,7.68
4j52,8.52
4j53,8.7
4j58,3.3
4j59,5.85
4j5b,6.22
4j5c,5.52
4j5d,5.96
4j5e,4.94
4j8m,7.32
4j93,4.7
4jai,8.4
4jaj,5.26
4jbo,7.62
4jbp,7.39
4je7,6.4
4jfi,4.74
4jfj,5.68
4jfk,6.44
4jfl,4.98
4jfm,5.48
4jht,4.99
4jia,9.22
4jik,7.74
4jlj,6.13
4jln,7.78
4joo,4.43
4jp9,7.62
4jpc,7.03
4jpe,7.32
4jql,6.0
4jsa,4.96
4jss,3.3
4jv7,6.0
4jv9,5.74
4jve,7.07
4jwr,6.21
4jx7,6.91
4jzr,7.8
4k0y,7.82
4k18,8.96
4k4j,6.12
4k5l,4.96
4k5m,3.71
4k5n,3.9
4k5o,3.98
4k5p,3.46
4k63,4.22
4k66,3.26
4k67,3.43
4k6i,6.2
4k8s,7.44
4k9h,7.12
4kby,6.73
4kcg,8.3
4ke0,7.77
4ke1,8.6
4kin,8.32
4kio,6.3
4kip,8.15
4kiq,7.64
4km0,6.04
4km2,5.84
4kne,5.9
4kni,7.78
4knj,7.95
4kom,7.0
4kon,6.48
4kp4,5.17
4kp5,6.08
4kp6,9.09
4kp8,5.48
4ksy,8.42
4kzl,6.15
4kzq,6.1
4kzu,6.5
4l09,6.07
4l0b,7.17
4l0i,6.57
4l0s,6.84
4l0t,7.18
4l0v,6.63
4l10,7.15
4l2f,6.23
4l2g,6.68
4l2k,6.44
4l2l,5.7
4l31,6.79
4l32,6.84
4l33,8.15
4l34,6.94
4l6q,6.27
4l6s,8.52
4l70,5.66
4l7f,6.8
4l7g,4.0
4l7h,3.7
4l7j,3.7
4l7l,6.0
4l7n,4.84
4l7o,4.88
4l7r,5.02
4l7u,5.66
4l8m,9.0
4lc7,4.93
4lkg,6.8
4lkj,6.7
4lkk,5.92
4lm5,6.82
4lmu,7.26
4loh,6.96
4loo,8.15
4lop,8.15
4loq,8.15
4lwe,7.15
4lwh,7.57
4lwi,7.64
4lxa,8.7
4lxk,8.4
4lxm,7.06
4lxz,6.74
4ly1,7.26
4lyn,7.22
4m0y,6.46
4m0z,5.19
4m12,6.05
4m13,6.7
4m14,6.7
4m2r,8.49
4m2u,8.04
4m2v,7.44
4m2w,7.28
4m7b,6.7
4m8e,7.89
4m8h,7.6
4mbi,8.15
4mbl,8.54
4mcd,5.33
4md6,7.77
4mdn,6.22
4mdq,5.92
4men,3.9
4meo,3.6
4mep,5.33
4meq,3.6
4mho,5.08
4mhs,5.29
4mi3,4.12
4mi6,4.31
4mi9,3.42
4mic,5.3
4mlx,3.19
4mo8,8.0
4mq1,7.92
4mq2,7.01
4mq6,6.47
4mr3,5.94
4mr4,5.94
4mra,4.47
4mue,6.7
4muf,6.34
4muk,6.6
4mul,6.21
4myq,7.49
4n00,8.02
4n07,6.46
4n1t,9.1
4n1u,8.3
4n4s,6.88
4n6y,7.04
4n6z,7.8
4nct,7.55
4nh7,8.4
4nh8,8.52
4nh9,6.43
4nhx,5.72
4nhy,5.64
4nie,7.7
4nj3,6.52
4nl1,3.89
4nmo,4.83
4nmp,4.04
4nms,4.94
4nmt,4.85
4nmv,4.95
4nrm,3.2
4nro,5.02
4nrp,4.59
4nrq,3.46
4nuc,6.04
4nud,7.07
4nue,6.82
4nw7,6.63
4nwc,5.76
4nxu,5.54
4nxv,5.42
4nzb,4.17
4o04,6.16
4o05,7.43
4o07,7.38
4o09,7.7
4o0b,8.3
4o3f,5.56
4o6e,9.0
4o70,4.72
4o71,4.74
4o72,6.0
4o74,7.6
4o75,4.68
4o76,6.89
4o77,5.6
4o78,5.34
4o7a,4.72
4o7b,4.7
4o7c,5.0
4o7e,5.24
4o7f,4.89
4oag,6.3
4oas,10.0
4oaz,5.77
4oba,9.4
4occ,8.7
4ock,5.08
4ocp,6.1
4ocq,4.61
4oct,5.05
4ocv,5.08
4odf,10.0
4oex,5.84
4ogi,7.43
4ogj,6.79
4ogn,10.0
4ogt,10.0
4ogv,8.05
4oq3,8.1
4oth,8.05
4oti,7.37
4ou3,4.41
4pax,6.4
4pce,5.15
4pci,5.12
4pft,8.64
4pjt,9.24
4pl3,6.54
4pl4,5.27
4pl5,4.96
4pml,4.52
4pni,6.09
4pnl,5.52
4pnm,5.85
4pnn,4.52
4pnq,5.0
4pnr,6.34
4pns,4.52
4pnt,5.82
4poh,8.0
4poj,8.1
4pp3,7.82
4pp5,7.74
4pp7,7.96
4pp9,7.37
4ppa,9.1
4ppb,10.0
4ppc,9.03
4pqn,9.15
4prj,7.14
4ps5,6.54
4psq,6.36
4ptc,8.96
4pte,7.13
4ptg,8.23
4puz,8.11
4pv0,9.07
4px6,8.4
4pyx,6.14
4pyy,7.23
4pzh,8.0
4pzw,6.96
4pzx,6.0
4q06,7.66
4q07,8.14
4q08,6.3
4q09,8.17
4q0l,7.7
4q18,6.13
4q19,8.05
4q1a,9.3
4q1b,8.72
4q1c,8.7
4q1d,7.78
4q4e,6.72
4q4i,7.33
4q6d,7.36
4q6e,6.18
4q7p,4.32
4q7s,4.42
4q7v,3.59
4q81,3.02
4q83,4.19
4q87,4.85
4q8x,3.57
4q99,6.28
4q9y,5.68
4qaa,6.44
4qab,9.7
4qac,9.4
4qb3,5.47
4qd6,8.64
4qem,7.8
4qer,7.54
4qf7,8.6
4qf8,7.51
4qgd,7.43
4qiy,7.3
4qj0,7.32
4qjm,8.17
4qjo,7.4
4qjw,7.8
4qkd,4.09
4ql1,7.03
4qmm,6.34
4qmn,8.52
4qmo,7.72
4qmp,7.85
4qmq,6.59
4qms,5.13
4qmt,8.0
4qmu,5.89
4qmv,7.64
4qmw,7.07
4qmx,4.96
4qmy,8.4
4qmz,6.68
4qna,4.64
4qo4,8.3
4qo9,6.8
4qoc,9.92
4qp1,3.61
4qp2,3.03
4qp6,3.46
4qp7,5.23
4qp8,6.55
4qp9,7.15
4qpa,7.43
4qr3,5.85
4qr4,6.6
4qr5,7.22
4qsm,7.41
4qt0,6.29
4qta,6.7
4qtc,6.4
4qtd,5.97
4qtl,6.92
4qxo,5.51
4qxq,5.7
4qxr,6.0
4qy3,6.82
4qye,5.92
4qyg,8.39
4qyh,8.89
4qyy,7.3
4qzs,7.05
4r59,7.96
4r5a,8.7
4r5b,6.73
4r5n,7.12
4r5t,6.1
4r5v,6.15
4r5w,7.13
4r5x,5.26
4r5y,7.64
4r6e,7.78
4r73,7.64
4r74,8.1
4r75,7.24
4r8y,6.19
4r91,6.37
4r92,7.41
4r93,7.8
4r95,7.85
4rak,7.85
4rcd,9.15
4rce,8.7
4rcf,8.4
4rfc,8.24
4rfd,8.05
4rfr,6.54
4riu,7.3
4riv,7.0
4rj3,7.03
4rj4,7.8
4rj5,7.18
4rj6,7.12
4rj7,7.66
4rj8,7.77
4rkx,5.1
4rn0,6.59
4rn1,5.0
4rn2,5.82
4rn4,6.94
4rn6,5.1
4rpv,8.52
4rqk,5.82
4rqv,5.05
4rr6,6.0
4rra,4.87
4rrn,7.32
4rro,7.59
4rrq,5.47
4rrr,4.44
4rrs,6.68
4rrv,7.4
4rss,8.77
4rt0,5.5
4rt1,6.14
4rux,7.92
4ruy,7.89
4ruz,7.64
4rvk,7.87
4rvl,7.38
4rvm,9.0
4rx7,8.3
4rx8,7.46
4rx9,7.89
4tju,5.44
4tjw,6.02
4tjy,6.44
4tk0,5.55
4tk5,7.49
4tkf,6.55
4tkg,6.85
4tki,6.38
4tln,3.72
4tqn,6.11
4trw,4.14
4trz,5.03
4tvj,7.91
4tw6,4.21
4tw7,7.59
4txc,6.62
4ty1,9.26
4u0i,8.22
4u0s,6.8
4u0u,5.82
4u6r,7.85
4u7o,3.35
4u93,7.89
4ufu,8.0
4ufy,8.15
4uhg,6.27
4ui3,6.88
4ui4,7.35
4ui5,6.78
4ui6,7.06
4ui7,7.36
4ui8,7.6
4uit,6.7
4uiu,7.9
4uiv,7.8
4uiw,7.3
4uix,7.3
4uiy,5.6
4uiz,4.7
4uj1,6.52
4uj2,7.1
4uj9,8.7
4uja,9.05
4ujb,8.0
4um1,5.77
4um3,7.54
4und,8.96
4uoh,4.77
4ura,5.5
4urn,4.46
4uro,8.4
4uv8,6.47
4uv9,6.01
4uva,5.75
4uvb,5.49
4uvc,6.88
4uvu,5.92
4uvv,7.49
4uvw,7.72
4uvx,7.96
4uvy,8.26
4ux4,7.01
4uxb,7.96
4uxj,5.42
4uyd,4.1
4uyn,8.4
4uzh,5.01
4v04,8.11
4w4w,7.46
4w4y,6.46
4w7p,7.49
4w7t,6.05
4w9o,7.77
4w9p,7.8
4w9q,6.85
4w9w,7.48
4w9x,7.4
4wa9,8.42
4wbo,4.2
4wcu,8.52
4whz,9.0
4wiv,6.26
4wlb,6.74
4wnm,7.59
4wpf,6.6
4wrs,9.4
4wsy,7.77
4wt6,7.92
4wtu,9.52
4wy1,5.29
4wy6,5.97
4x0f,7.0
4x0z,3.15
4x13,3.3
4x2l,4.44
4x6i,8.0
4x6j,7.8
4x7i,7.69
4xe1,7.11
4xg3,7.76
4xg4,7.67
4xg6,8.01
4xg7,7.49
4xg8,8.72
4xg9,9.15
4xh6,5.57
4xhk,8.3
4xip,6.63
4xiq,7.07
4xir,6.94
4xit,7.27
4xj0,9.52
4xk9,9.07
4xkx,9.05
4xqu,6.07
4xs2,5.82
4xv2,8.27
4xv3,7.92
4xv9,6.72
4xx9,5.08
4xxs,7.28
4xy9,5.33
4xya,5.86
4y46,7.96
4y5h,7.82
4y5s,3.73
4y73,9.52
4y79,7.96
4yb6,5.32
4ybi,6.6
4yc8,7.85
4yes,8.02
4ygf,7.68
4yha,6.65
4yht,9.22
4yk0,3.74
4ykj,4.43
4ylj,8.22
4ylk,6.74
4yll,6.92
4yo6,5.66
4yp8,7.89
4ytc,7.89
4ytf,8.15
4yth,8.7
4yti,7.89
4yv8,7.96
4yvc,5.96
4yve,7.0
4yx4,5.97
4yxi,6.5
4yxo,7.04
4yxu,7.24
4yyt,6.38
4yz9,7.7
4yzc,8.52
4yzm,5.27
4yzn,4.81
4z0q,8.17
4z1e,8.24
4z1j,8.11
4z1k,8.33
4z1n,8.23
4z1q,7.82
4z7h,6.66
4z84,5.82
4z93,7.35
4zfi,6.3
4zgk,5.51
4zhm,8.05
4zim,8.62
4zla,7.3
4zme,4.3
4zmf,3.96
4zpe,6.35
4zpf,6.74
4zpg,7.26
4zqt,5.64
4zs0,5.64
4zsh,7.05
4zsp,5.74
4zsq,5.65
4zsr,4.44
4ztl,5.92
4ztm,7.6
4ztn,7.72
4ztq,6.32
4ztr,8.3
4zts,7.6
4zum,6.57
4zun,4.59
4zuo,6.41
4zup,6.77
4zuq,6.89
4zur,7.17
4zw3,7.57
4zw5,4.43
4zw6,5.72
4zw7,4.72
4zw8,5.96
4zwx,8.7
4zwy,8.7
4zwz,8.7
4zx0,8.0
4zx1,6.14
4zx3,7.19
4zx4,7.11
4zx5,6.19
4zx6,5.27
4zx8,7.1
4zx9,7.39
4zy0,8.04
4zy1,8.14
4zy2,7.22
4zyq,8.01
4zzx,6.9
4zzy,5.6
5a00,7.52
5a14,7.3
5a3t,8.4
5a3x,6.1
5a4c,8.24
5a4e,6.4
5a4l,5.41
5a4q,5.54
5a4t,5.89
5a54,6.15
5a6a,7.22
5a6b,8.1
5a6h,7.06
5a6i,7.25
5a6k,5.95
5a7b,3.57
5aad,6.67
5aae,7.46
5aaf,7.44
5aag,7.34
5abe,3.05
5abf,4.85
5abg,8.05
5abh,8.77
5acy,8.19
5adq,5.7
5adr,5.64
5ads,5.67
5adt,5.65
5aeh,7.43
5aen,7.22
5aep,7.17
5aku,6.82
5akw,6.39
5al1,4.28
5al2,6.44
5al3,4.96
5al4,6.52
5al5,7.15
5amd,8.55
5amg,8.22
5aml,9.15
5amn,8.35
5anq,5.4
5ans,5.69
5ant,6.36
5anu,9.4
5anv,9.3
5anw,8.52
5aoi,3.03
5aoj,4.68
5ap0,8.26
5ap1,7.97
5ap2,8.48
5ap3,7.03
5ap4,6.46
5ap5,7.97
5ap6,7.88
5ap7,6.29
5aph,7.22
5apj,7.4
5aqf,3.78
5aqg,4.51
5aqk,3.65
5aqq,3.1
5aqt,3.51
5aqv,3.43
5aut,5.17
5auu,4.68
5auv,4.51
5auw,5.05
5aux,5.0
5auy,5.8
5auz,4.01
5av0,3.55
5ax3,5.92
5ayt,6.77
5bml,8.0
5boj,7.0
5bpp,4.8
5bue,8.52
5bui,7.05
5buj,8.3
5bvd,9.8
5bvf,9.72
5bvk,4.0
5bvn,8.82
5bvo,8.3
5bvw,8.82
5byi,7.51
5c26,6.77
5c3p,4.46
5c4k,4.56
5c4l,5.64
5c4o,8.21
5c4s,8.42
5c4t,7.66
5c4u,8.72
5c5t,3.13
5c8k,7.7
5c8m,7.19
5c8n,7.55
5cal,7.66
5can,6.91
5cao,7.42
5cap,7.28
5caq,8.57
5cas,8.85
5cau,8.8
5cbm,7.77
5cbr,5.74
5cf4,7.4
5cf5,8.6
5cf6,8.09
5cf8,8.96
5cjf,9.59
5clm,7.36
5csw,8.4
5csx,8.22
5ct7,7.15
5cxh,8.3
5cxz,6.26
5cy3,7.8
5d0j,5.31
5d1j,7.32
5d24,5.24
5d25,6.3
5d26,6.09
5d3h,5.1
5d3j,5.24
5d3l,6.06
5d3n,5.04
5d3p,5.13
5d3s,5.89
5d3t,4.92
5da3,7.1
5dcz,9.3
5dgz,7.85
5dhj,6.7
5dit,6.15
5diu,7.37
5div,6.85
5dls,8.36
5dlx,5.7
5dlz,5.74
5doh,7.49
5dqc,7.34
5drs,8.96
5e28,7.91
5e2k,8.03
5e2r,7.06
5e2s,9.01
5e8w,4.39
5e8z,5.91
5e90,7.85
5e91,8.4
5edq,8.7
5edr,7.46
5edu,8.66
5eef,8.32
5eei,9.22
5eek,9.1
5een,8.96
5ef7,9.0
5ef8,8.85
5efb,8.37
5efh,6.1
5efj,6.46
5eg4,7.68
5egu,5.85
5eh0,7.74
5eh5,5.87
5eh7,3.48
5eh8,3.1
5ehe,8.32
5ehy,6.09
5ei2,7.34
5ei4,4.58
5ei6,7.0
5ei8,8.1
5eij,5.31
5eis,5.74
5ejl,6.62
5ejv,6.69
5ekh,5.95
5ekj,6.0
5ekm,6.32
5elv,6.8
5em5,6.58
5em6,8.4
5em7,7.72
5em8,5.96
5eng,5.85
5enk,8.1
5enm,7.15
5eol,9.52
5eom,6.39
5ep7,5.4
5etf,3.79
5ewj,6.89
5ewk,4.85
5ewm,7.92
5ewy,4.3
5ezx,7.06
5ezz,6.84
5f00,6.6
5f01,6.38
5f1z,8.68
5f2s,6.7
5f2w,3.98
5f32,4.94
5f37,5.77
5f39,5.1
5f3c,6.05
5f3e,6.86
5f3g,6.9
5f3i,7.1
5f4n,8.66
5f5i,6.02
5f5z,7.07
5f60,7.37
5f61,7.46
5f62,8.17
5f63,7.92
5fcw,6.52
5fcz,4.2
5fdc,7.46
5fdi,7.73
5fdp,6.51
5fhn,5.9
5fky,8.33
5fl0,6.46
5fl1,8.49
5fl4,7.0
5fl5,8.19
5fl6,7.36
5flo,3.15
5flp,3.2
5fls,3.04
5fnc,4.11
5fnd,3.49
5fnf,3.15
5fni,3.48
5fot,3.17
5fou,3.95
5fow,4.03
5fox,3.17
5fpk,3.55
5fsl,4.62
5fsm,4.4
5fsn,5.77
5fso,6.09
5fue,6.33
5fwj,7.89
5fxq,7.85
5fxr,7.42
5g10,8.01
5g11,7.21
5g17,6.7
5g1a,6.57
5g1c,6.85
5g2b,7.0
5g3w,7.38
5g57,8.4
5g5v,6.7
5ghv,7.92
5gmn,4.73
5gmp,9.1
5gty,7.72
5h22,7.44
5h2u,8.15
5h85,4.7
5ha9,5.78
5hcx,8.39
5hcy,8.92
5hd0,8.4
5hdu,9.0
5hdv,7.82
5hdx,7.32
5hdz,7.35
5he4,7.7
5he5,6.47
5he7,8.3
5hes,7.54
5hkm,7.89
5hlp,7.27
5hls,7.41
5hm0,6.36
5hmh,8.15
5hmi,7.82
5hng,4.03
5ho7,4.77
5ho8,5.96
5htb,6.77
5htc,6.82
5htl,6.3
5htz,8.62
5hu0,6.23
5hu1,8.66
5hu9,7.62
5hv0,5.96
5hvu,7.89
5hzn,7.21
5i3v,7.8
5i3w,9.22
5i3x,8.1
5i3y,9.4
5i56,7.32
5i58,6.92
5i59,6.95
5i7y,7.28
5i80,7.21
5i88,6.6
5i9y,8.55
5ia1,6.28
5ie1,6.85
5igk,7.38
5igl,7.37
5iis,9.0
5ipj,8.89
5isl,7.28
5iwg,6.46
5ix0,6.28
5izf,9.74
5j0d,6.87
5j20,9.14
5j27,6.74
5j2x,7.74
5j5r,6.89
5j64,6.85
5j6l,7.89
5j6m,8.57
5j6n,7.77
5j7f,7.24
5j7g,7.24
5j82,6.0
5j86,8.26
5j8m,6.8
5j8z,8.3
5j9x,7.77
5j9y,7.24
5j9z,7.8
5jf1,7.19
5jf2,7.89
5jf3,7.42
5jf4,7.19
5jf5,7.2
5jf6,7.21
5jf7,6.04
5jf8,5.85
5jid,3.76
5jim,3.99
5jn8,7.3
5jn9,7.79
5jna,7.35
5jnc,5.48
5jq5,5.63
5jq8,5.7
5js3,6.73
5jss,6.45
5jvi,6.51
5jxn,6.41
5jy3,7.92
5jz9,3.57
5jzb,3.39
5jzs,3.27
5k0h,7.09
5k32,8.8
5k4i,8.51
5k4j,7.11
5k4x,6.42
5k4z,6.15
5k5n,8.05
5k76,8.3
5kam,4.11
5kap,4.23
5kcx,6.7
5ke0,9.7
5khd,5.6
5kj0,6.89
5kk8,5.84
5kks,8.7
5kkt,9.0
5kpl,6.29
5kq5,8.05
5kqf,6.51
5kr8,6.82
5ktu,6.21
5ktw,7.52
5ktx,7.7
5ku3,4.89
5ku6,6.84
5kx7,7.44
5kx8,7.42
5kzi,10.0
5l3a,4.89
5l4i,6.59
5l8c,7.0
5l8y,6.4
5l9h,6.4
5laq,9.2
5lav,6.09
5law,7.1
5lay,7.47
5laz,8.4
5lce,8.04
5lcj,6.64
5lck,8.1
5lgo,8.22
5lh4,6.96
5lh8,7.72
5lif,5.87
5lj0,8.0
5lj1,4.5
5lj2,5.0
5ljj,7.21
5ljq,9.0
5ljt,8.92
5ll4,8.4
5ll5,6.04
5ll9,6.08
5llc,9.52
5llo,9.4
5llp,9.24
5lma,6.6
5lmb,7.8
5lny,7.38
5lo5,5.87
5lo6,7.27
5loh,5.04
5lpj,5.0
5lpk,5.51
5lpl,4.92
5lpm,5.56
5lqf,6.6
5lrq,5.8
5luu,5.06
5lvl,5.9
5lvn,4.7
5lwd,6.24
5lx6,5.72
5lxb,9.77
5lxc,7.97
5lxd,8.5
5m39,4.62
5m3a,5.7
5m51,4.72
5m53,6.21
5m55,6.62
5m57,4.92
5ma7,3.47
5mf6,4.36
5mfr,4.3
5mfs,6.48
5mi5,6.77
5mi6,7.3
5mi7,7.11
5mjn,8.54
5mkj,4.31
5mkx,4.7
5mky,5.7
5mkz,4.7
5ml0,6.3
5mli,3.9
5mme,5.85
5mmg,6.01
5mmn,6.7
5mng,4.68
5mnh,4.68
5mnn,3.84
5mno,3.84
5mnr,5.46
5mo0,4.68
5mo2,3.84
5moq,4.68
5mos,3.79
5mpk,8.52
5mpn,7.07
5mpz,4.07
5mqe,5.4
5mql,5.85
5mqt,5.7
5mrb,6.33
5mrd,4.44
5msb,7.46
5mte,6.78
5mz3,6.66
5n0d,8.48
5n0e,8.44
5n1r,7.95
5n1s,7.99
5n24,8.92
5n25,7.78
5n2t,5.08
5n2x,6.06
5n2z,5.31
5n31,5.79
5n34,4.63
5n3v,4.34
5n3w,6.3
5n3y,5.03
5n7v,8.77
5n84,7.96
5n87,9.25
5n93,8.66
5n9s,8.62
5na0,9.77
5nad,8.96
5neb,7.77
5nf5,6.82
5ng9,6.72
5ngr,4.62
5ngs,6.77
5ngt,5.89
5ngu,7.44
5nhf,9.49
5nhh,8.95
5nhj,8.27
5nhl,9.52
5nho,9.52
5nhp,7.64
5nhv,8.55
5nhy,8.64
5ni5,8.05
5ni7,7.7
5nih,6.87
5nlk,7.46
5nob,8.2
5np8,4.62
5nsp,6.47
5nsx,6.4
5nt0,6.55
5ntt,5.75
5nu3,6.64
5nu5,6.33
5nut,7.92
5nvc,6.19
5nve,7.46
5nvf,7.8
5nvh,7.82
5nwb,7.8
5nwc,6.15
5nwd,8.0
5nwg,6.18
5nxg,8.55
5nxi,6.66
5nxo,8.31
5nxp,7.99
5nxv,8.46
5nxw,7.24
5ny1,6.44
5ny3,7.47
5ny6,7.87
5nya,6.38
5nyh,7.73
5nze,6.39
5nzf,4.03
5nzn,3.66
5o07,7.47
5o11,6.67
5o1a,4.52
5o1b,4.7
5o1c,3.95
5o1d,4.66
5o1e,4.48
5o1f,4.52
5o1g,3.94
5o1h,4.85
5o1i,5.4
5o4f,6.68
5o87,6.61
5o8t,7.13
5o91,6.46
5oai,5.15
5oaj,6.56
5obg,7.13
5oci,8.05
5odx,6.71
5ofu,4.2
5one,7.28
5oot,7.55
5op2,6.62
5op4,6.71
5op5,6.67
5op6,4.68
5op8,4.18
5opb,7.62
5opr,5.59
5ops,5.06
5opu,7.28
5opv,7.29
5oq5,7.7
5oq6,7.56
5oq7,6.49
5oq8,5.85
5orl,4.82
5orr,3.77
5ort,3.05
5orw,3.1
5orx,3.51
5ory,3.45
5orz,3.36
5os1,3.31
5os5,3.39
5osd,3.21
5ose,3.17
5ot3,5.23
5ou1,6.07
5ou2,3.22
5ou3,6.21
5ox5,5.59
5ox6,7.54
5q0i,4.25
5q0j,6.62
5q0l,5.36
5q0m,8.1
5q0n,8.06
5q0o,7.61
5q0p,7.41
5q0q,6.11
5q0r,4.57
5q0s,7.21
5q0t,4.54
5q0u,6.76
5q0v,7.69
5q0w,7.24
5q0x,7.35
5q0y,5.73
5q0z,5.85
5q10,5.2
5q11,5.14
5q12,5.33
5q13,7.04
5q14,7.68
5q15,8.05
5q16,7.87
5q17,5.25
5q18,7.17
5q19,7.32
5q1a,8.02
5q1b,7.31
5q1c,8.08
5q1d,6.12
5q1e,6.92
5q1f,7.14
5q1g,3.58
5q1h,5.1
5q1i,6.24
5qik,7.66
5sxm,8.54
5sz0,9.1
5sz1,8.92
5sz2,8.7
5sz3,8.6
5sz4,9.7
5sz5,7.7
5sz6,7.0
5sz7,9.7
5t1s,7.08
5t1t,7.24
5t1u,7.16
5t1w,7.11
5t31,6.96
5ta6,8.82
5tb6,5.82
5td7,5.77
5tdi,9.74
5tex,6.4
5tfx,7.22
5thi,3.61
5thn,4.02
5ti0,4.21
5ti2,4.62
5ti3,4.36
5ti4,4.59
5ti5,4.39
5ti6,4.68
5ti7,4.96
5tiu,8.3
5toe,5.6
5tol,7.48
5tpx,6.55
5tq3,8.66
5tq4,8.38
5tq5,7.23
5tq6,6.91
5tq7,7.67
5tq8,7.64
5tr6,8.49
5tt3,6.71
5tt7,7.89
5tt8,6.5
5tuo,6.49
5tur,6.05
5tv3,8.09
5txy,5.46
5ty1,5.21
5ty8,5.46
5ty9,5.21
5tya,4.48
5tz3,6.85
5tza,9.0
5tzc,8.1
5tzd,5.74
5tzg,5.8
5tzh,6.17
5tzw,6.01
5tzx,7.28
5tzz,7.85
5u00,8.7
5u0d,4.54
5u0e,5.11
5u0f,5.47
5u0g,4.58
5u28,7.17
5u2e,6.56
5u2f,6.71
5u49,6.14
5u4a,6.36
5u7d,9.3
5u7i,7.18
5u7j,6.41
5u7k,8.15
5u7l,6.37
5u8c,7.53
5ugb,6.79
5uir,7.14
5uis,6.84
5uit,8.34
5uiu,9.7
5ula,7.11
5uln,7.85
5uoo,8.85
5ur1,8.97
5usq,7.0
5usy,7.51
5usz,6.97
5ut0,5.88
5ut4,4.38
5ut6,4.24
5uyu,9.51
5uzj,6.78
5uzk,6.74
5v0n,7.17
5v5y,7.87
5vb5,6.46
5vb6,6.37
5vb7,6.72
5vc3,7.11
5vc4,7.36
5vc5,7.96
5vc6,7.87
5vcv,6.82
5vcw,5.96
5vcx,5.55
5vcy,6.57
5vcz,6.35
5vd0,6.49
5vd1,6.0
5vd2,7.1
5vd3,5.55
5vdk,7.57
5vfc,9.05
5vgi,6.98
5vgy,4.18
5vi6,8.52
5vom,6.1
5vp0,9.21
5vp1,9.29
5vyy,6.21
5w0e,9.03
5w0f,7.8
5w0i,8.85
5w0l,4.74
5w0q,8.0
5w5k,8.3
5w5v,6.1
5w84,6.44
5w85,8.0
5wa5,6.72
5wev,6.82
5wex,7.18
5wg7,4.7
5wgp,5.62
5wij,6.31
5wik,6.21
5win,7.03
5wlt,6.81
5wlv,8.52
5wmg,8.21
5wrs,5.52
5wuu,6.09
5x26,8.3
5x27,9.4
5x28,8.4
5x5o,8.3
5xg4,5.15
5xsr,7.69
5xst,7.57
5xsu,6.74
5xyx,4.84
5xyy,5.04
5y1y,6.01
5y2f,5.15
5y5t,6.68
5y5u,7.75
5y7z,7.81
5y80,8.79
5y8c,6.8
5y8w,6.64
5y8y,7.09
5y8z,6.21
5y93,5.64
5y94,6.79
5ylu,8.62
5ylv,6.82
5yov,7.68
5yp5,4.6
5yp6,4.6
5yqx,6.96
5z1d,8.3
5z1r,5.7
5z1s,6.16
5z1t,6.2
5z5v,6.54
5za1,7.52
5za7,5.87
5za8,6.29
5za9,6.74
5zae,6.81
5zaf,6.78
5zag,6.97
5zah,7.28
5zaj,7.38
5zc5,7.06
5zqo,7.71
5zqp,7.74
5zqq,7.66
5zqr,7.97
5zr3,7.01
5ztn,8.3
5zz2,8.85
6a04,5.21
6a84,8.28
6aah,8.41
6aak,9.15
6aam,8.32
6acb,9.41
6aec,6.15
6aeh,5.75
6aej,6.15
6ajv,5.04
6ajx,5.04
6ajy,5.28
6ajz,4.34
6ak4,5.46
6ak5,6.12
6ak6,5.56
6akw,7.22
6apt,6.05
6aqo,6.11
6ar9,5.18
6axq,4.0
6ay3,8.02
6ay5,7.16
6ayd,6.3
6b4d,6.11
6b59,8.09
6b5a,7.94
6b8j,8.3
6b8u,9.7
6b8y,9.66
6b96,7.84
6b97,6.63
6b98,4.65
6bbs,9.89
6bbv,6.1
6bc9,9.43
6bfd,8.3
6bfe,5.85
6bfp,7.7
6bfw,6.66
6bfx,7.1
6bh0,6.66
6bny,6.4
6bod,4.26
6boe,5.54
6bsk,6.92
6c0t,7.37
6c0u,5.99
6c2r,9.1
6c2t,9.05
6c67,5.92
6c7d,9.77
6c7e,8.55
6c7f,9.62
6c7g,7.74
6c7i,9.42
6c7j,8.88
6c7q,9.15
6c7w,5.47
6c7x,7.19
6c9n,4.78
6c9p,5.64
6ccy,8.52
6cd4,5.34
6cd5,6.81
6ceh,7.44
6cgp,7.12
6cis,6.87
6ciy,6.7
6cj1,5.27
6cjv,5.66
6cq0,4.46
6cq4,4.85
6cq5,4.24
6cse,5.6
6csf,5.44
6csp,8.52
6csq,6.39
6csr,6.84
6css,7.6
6cve,6.8
6cvf,6.35
6cvv,4.12
6cw8,6.57
6cyg,4.17
6cyh,3.15
6cz4,7.12
6czb,4.33
6czc,4.78
6czd,3.85
6cze,4.03
6czu,6.32
6czv,6.64
6d1l,8.12
6d1m,8.2
6d4q,6.08
6d4r,5.96
6d4s,6.05
6d4t,6.92
6d4u,5.7
6d4v,6.64
6d4w,5.25
6d8e,6.47
6dhc,7.96
6dkb,9.15
6dkg,8.59
6dki,8.64
6dl2,7.48
6dne,7.48
6dq5,5.19
6dvl,7.96
6dvm,8.52
6dvn,7.85
6dvo,7.22
6dxg,4.85
6dxl,5.8
6e05,4.26
6e06,4.26
6e3z,7.76
6e4u,7.87
6e4w,6.7
6e7r,6.83
6e7s,7.18
6e7t,6.89
6e7u,6.92
6e7v,6.48
6e7w,6.52
6e7x,6.76
6e8x,6.22
6e91,6.62
6e92,7.46
6e99,6.0
6e9l,6.04
6e9w,6.55
6ea1,6.59
6ea2,6.55
6eaa,6.09
6eab,6.37
6ebe,6.7
6ecz,6.57
6ed6,7.43
6eda,6.7
6ee2,6.71
6ee3,6.86
6ee4,6.69
6ee6,6.67
6eea,6.2
6eeb,5.3
6eed,6.09
6eee,7.54
6eeh,6.54
6eeo,6.43
6eg9,7.17
6ega,6.78
6ei5,7.42
6eif,6.98
6eij,5.77
6eil,5.55
6eip,5.7
6eiq,6.42
6eis,6.6
6ej4,6.8
6el5,6.88
6eln,6.05
6elo,6.29
6elp,6.63
6eq2,5.89
6eq3,6.15
6eq4,5.62
6eq5,4.74
6eq6,4.82
6eq7,7.0
6eqm,7.96
6equ,6.38
6ert,5.23
6esn,8.05
6ey8,5.81
6ey9,5.91
6eya,7.48
6eyb,5.37
6f1n,6.26
6f1x,7.7
6f20,4.31
6f22,8.7
6f23,8.3
6f3d,8.4
6f3e,7.15
6f3g,7.16
6f4n,5.22
6f6u,4.8
6f8r,4.7
6f8t,5.15
6f8u,6.1
6f8v,4.8
6f8w,4.64
6f8x,4.77
6fcj,7.15
6fcl,4.64
6fdc,5.64
6fe0,6.48
6fe1,8.48
6few,5.85
6fex,7.54
6fgq,7.85
6fgy,7.15
6fqo,6.85
6fqu,5.66
6fr0,6.84
6frf,7.4
6fsy,6.61
6ft3,6.42
6ft4,6.63
6ft7,5.0
6fu1,5.36
6fyl,8.15
6fyp,6.84
6fyv,7.96
6fzu,3.67
6g01,7.41
6g02,7.62
6g07,4.57
6g34,8.24
6g35,7.76
6g36,7.79
6g37,7.37
6g38,6.62
6g39,8.34
6g3a,8.38
6g3c,6.91
6g3o,9.24
6g46,3.73
6g5l,7.62
6g6t,7.7
6g7a,6.78
6g9u,6.43
6gbw,8.45
6gdy,5.46
6gga,4.85
6ggb,5.39
6ggd,5.59
6gge,5.77
6ggf,5.39
6gn1,8.0
6gnm,4.26
6gnp,4.55
6gnr,5.44
6gnw,4.99
6got,9.4
6gr7,5.5
6grp,5.48
6gx3,3.6
6gxa,4.22
6gxb,7.46
6gxe,8.05
6gxq,7.1
6gxu,3.74
6gxw,3.36
6h29,5.62
6h2z,9.3
6h33,9.22
6h34,9.3
6h3k,7.96
6h3q,7.14
6h4o,6.89
6h4p,6.99
6h4q,5.69
6h4r,7.03
6h4s,7.42
6h4t,7.0
6h4u,6.16
6h4v,6.21
6h4w,6.97
6h4x,6.88
6h4y,7.11
6h78,7.33
6hd4,8.64
6hd6,5.7
6hdn,4.3
6hdo,6.6
6hdq,7.0
6hgr,3.46
6hgs,3.77
6hgy,8.52
6hhr,7.01
6hjj,5.77
6hjk,7.6
6hm6,5.5
6hm7,7.1
6hmb,6.56
6hov,3.3
6hoy,4.48
6hp0,4.92
6hp9,8.25
6hqy,6.44
6hrq,7.09
6hsh,7.55
6hsk,7.03
6hsz,6.94
6ht8,6.72
6htg,7.17
6hth,7.12
6hti,7.01
6htt,6.66
6htz,6.74
6hu0,6.91
6hu1,6.72
6hu2,5.9
6hu3,6.3
6hv2,4.28
6hx1,6.52
6i3s,7.05
6ib0,7.4
6ib2,8.0
6idz,6.51
6ilz,6.47
6im6,4.68
6imb,4.23
6imd,4.23
6imi,4.58
6imo,6.19
6imr,5.37
6imt,6.6
6ind,6.62
6ink,6.57
6inm,6.29
6iph,6.66
6ipi,5.71
6ipj,5.79
6ipk,5.17
6ipl,3.82
6ipm,3.69
6jse,8.77
6jsf,8.48
6jsg,8.34
6jsn,8.42
6jsz,5.68
6jt3,8.3
6jz0,7.82
6k3l,7.22
6k4r,5.84
6kla,7.25
6m88,5.96
6m89,5.64
6m8a,5.26
6m8b,5.36
6m8c,5.66
6m8d,5.14
6m8e,4.85
6mh1,5.92
6mob,8.15
6mom,9.52
6mr5,7.3
6mvx,5.14
6mwe,9.2
6mx3,5.14
6mxb,4.59
6mxc,5.56
6mxd,5.23
6mxe,4.26
6mzq,8.41
6mzw,8.41
6n0p,8.89
6n0q,7.4
6n8x,5.7
6n8y,5.38
6nfn,7.7
6nfy,7.8
6ng0,8.19
6np2,6.8
6np3,6.47
6np4,4.44
6np5,4.57
6npt,7.17
6npv,6.8
6nsp,7.36
6nsq,8.1
6nti,4.57
6ntj,6.47
6o5g,5.7
6o5u,4.38
6o8u,8.28
6o94,8.74
6o95,8.29
6o9d,8.7
6od6,8.21
6odz,9.15
6oe0,8.92
6oe1,8.51
6of5,5.35
6olx,5.38
6op9,9.28
6p1d,7.41
6pgx,9.21
6phr,6.7
6phz,3.46
6pl1,7.65
6pl2,8.06
6pl3,8.52
6pz4,9.4
6q7a,8.3
6q89,9.85
6q8a,8.01
6q8b,7.53
6q8c,7.68
6q96,10.0
6q9h,8.11
6q9l,8.41
6q9o,8.47
6qas,7.74
6qat,7.33
6qau,7.48
6qfe,7.1
6qff,5.69
6qfg,5.52
6qfh,5.86
6qft,7.46
6qg4,8.07
6qg7,6.83
6qh9,5.0
6qha,5.3
6qhb,6.3
6qhc,5.2
6qho,6.2
6qhr,7.72
6ql1,6.48
6ql2,7.77
6ql3,7.0
6r0k,7.92
6r7j,7.4
6r7k,7.3
6r8l,6.17
6r8o,8.22
6r8w,5.92
6rfi,7.43
6rfj,8.4
6rfn,6.7
6rfw,6.5
6rhe,4.13
6rot,6.32
6rvk,6.36
6rw1,5.88
6s55,6.2
6s56,5.1
6s57,5.1
6s9b,5.68
6s9c,6.57
6s9d,7.8
6sfi,7.59
6sfj,7.74
6sfk,7.15
6skb,7.7
6skc,7.1
6skd,5.8
6st3,7.03
6std,8.64
6sy7,3.33
6t6a,6.7
6tim,3.21
6tld,5.35
6u5m,6.29
6u5y,7.16
6u6w,5.33
6u80,4.43
6u8b,6.37
6u8l,6.91
6u8o,6.54
6ufn,5.64
6ufo,4.46
6ugn,6.12
6ugo,7.59
6ugp,6.16
6ugq,7.55
6ugr,6.27
6ugz,7.72
6uh0,6.07
6uhv,6.92
6uii,6.43
6uil,7.1
6uim,6.74
6uvp,4.0
6uvv,5.18
6uvy,6.0
6uwp,7.55
6uwv,8.0
7kme,4.4
830c,9.28
